{
	"schemaVersion": 1,
	"id": "gnomod",
	"version": "${version}",
	"name": "GnoModpack",
	"description": "This is a tutorial Mod made by Gnome.",
	"authors": [
		"ProgrammerGnome"
	],
	"contact": {
		"homepage": "https://fabricmc.net/",
		"sources": "https://github.com/FabricMC/fabric-example-mod"
	},
	"license": "MIT",
	"icon": "assets/gnomod/icon.png",
	"environment": "*",
	"entrypoints": {
		"main": [
			"com.template.gnomod.GnoModpack"
		],
		"client": [
			"com.template.gnomod.GnoModpackClient"
		]
	},
	"mixins": [
		"gnomod.mixins.json"
	],
	"depends": {
		"fabricloader": ">=0.14.21",
		"minecraft": "~1.20.4",
		"java": ">=17",
		"fabric-api": "*"
	},
	"suggests": {
		"another-mod": "*"
	}
}